site,cookieSource,isSecure,isHttpOnly,thirdParty
http://aas.princeton.edu,3,3,3,3
http://acee.princeton.edu,3,3,3,3
http://adam-welch.com/,6,6,6,6
http://aftercensorshipbeforefreedom.princeton.edu,3,3,3,3
http://agchallenge.princeton.edu,61,61,61,61
http://alexandrabellerdances.org/,6,6,6,6
http://alumni.princeton.edu,96,96,96,96
http://amaneyjamal.com/,9,9,9,9
http://antioch.princeton.edu/,3,3,3,3
http://arts.princeton.edu,3,3,3,3
http://asifg.mycpanel.princeton.edu/,6,6,6,6
http://betsylevypaluck.com/,9,9,9,9
http://biodigester.princeton.edu/,12,12,12,12
http://bjj.princeton.edu/,3,3,3,3
http://blogs.princeton.edu/americancomics,27,27,27,27
http://blogs.princeton.edu/blogit,9,9,9,9
http://blogs.princeton.edu/caps,12,12,12,12
http://blogs.princeton.edu/careerservices,3,3,3,3
http://blogs.princeton.edu/eqn,12,12,12,12
http://blogs.princeton.edu/futureofchildren,3,3,3,3
http://blogs.princeton.edu/iamnotmakingup,3,3,3,3
http://blogs.princeton.edu/italian,12,12,12,12
http://blogs.princeton.edu/latinostudies,3,3,3,3
http://blogs.princeton.edu/manuscripts,3,3,3,3
http://blogs.princeton.edu/mathclub,3,3,3,3
http://blogs.princeton.edu/mudd,3,3,3,3
http://blogs.princeton.edu/odusgroups,3,3,3,3
http://blogs.princeton.edu/princetonmaps,9,9,9,9
http://blogs.princeton.edu/rbscreference,3,3,3,3
http://blogs.princeton.edu/reelmudd,12,12,12,12
http://blogs.princeton.edu/research,3,3,3,3
http://blogs.princeton.edu/tcrhprinceton,3,3,3,3
http://blogs.princeton.edu/techsvs,3,3,3,3
http://blogs.princeton.edu/witnessingdisaster,3,3,3,3
http://blueflowerarts.com/artist/alicia-ostriker/,9,9,9,9
http://bobholman.com/,12,12,12,12
http://bodyhypedance.com,3,3,3,3
http://brianherrera.org/,1,1,1,1
http://butlercollege.princeton.edu,11,11,11,11
http://caribbeanliterature.princeton.edu/,12,12,12,12
http://chemistry.princeton.edu,3,3,3,3
http://chemists.princeton.edu/bocarsly/,3,3,3,3
http://chemists.princeton.edu/torquato,15,15,15,15
http://chignell.net/,15,15,15,15
http://chikaokeke-agulu.blogspot.com/,3,3,3,3
http://christieriehl.com/,3,3,3,3
http://cjpena-lab.org/,15,15,15,15
http://conservation.princeton.edu/,3,3,3,3
http://crispygreene.wix.com/jenny,6,6,6,6
http://cs.princeton.edu,6,6,6,6
http://cs.princeton.edu/~dl9,9,9,9,9
http://cs.princeton.edu/~ehazan,22,22,22,22
http://cs.princeton.edu/~feamster/,4,4,4,4
http://cs.princeton.edu/~jrmayer,12,12,12,12
http://cs.princeton.edu/~mfreed,2,2,2,2
http://cs.princeton.edu/~ogt,2,2,2,2
http://cs.princeton.edu/~sseung,6,6,6,6
http://csctf.princeton.edu/,12,12,12,12
http://cyclab.princeton.edu,3,3,3,3
http://dailyprincetonian.com,112,112,112,112
http://daressalaam.princeton.edu/,3,3,3,3
http://dataspace.princeton.edu/jspui/,3,3,3,3
http://dattalab.princeton.edu,9,9,9,9
http://deanalawson.com/,12,12,12,12
http://debate.princeton.edu/,3,3,3,3
http://devstaff.princeton.edu/,3,3,3,3
http://dianatamir.com/,15,15,15,15
http://dining.princeton.edu,4,4,4,4
http://disiacdancecompany.com,3,3,3,3
http://dispeker.com/artist.php?id=kdeas,3,3,3,3
http://drewgower.princeton.edu,4,4,4,4
http://drtrineice.com/,3,3,3,3
http://eastasia.princeton.edu,3,3,3,3
http://economics.princeton.edu,4,4,4,4
http://edge.whitegoosetech.com,3,3,3,3
http://ehs.princeton.edu/,4,4,4,4
http://election.princeton.edu,3,3,3,3
http://entrepreneurs.princeton.edu/,2,2,2,2
http://environment.princeton.edu,2,2,2,2
http://ericplutz.com/,30,30,30,30
http://facilitiesinclusion.princeton.edu/,12,12,12,12
http://facilitiesinsider.princeton.edu/,20,20,20,20
http://fai.princeton.edu/,9,9,9,9
http://fanfiction.princeton.edu/,10,10,10,10
http://farmersmarket.princeton.edu/,2,2,2,2
http://feministspectator.princeton.edu,8,8,8,8
http://figments.princeton.edu/,12,12,12,12
http://film.princeton.edu/,2,2,2,2
http://fintech.princeton.edu/,2,2,2,2
http://fluids.princeton.edu,11,11,11,11
http://folklorico.princeton.edu,11,11,11,11
http://fragilefamilies.princeton.edu/,2,2,2,2
http://francinekay.com/,10,10,10,10
http://fsi.princeton.edu/,2,2,2,2
http://function.princeton.edu,2,2,2,2
http://futureofchildren.org/,22,22,22,22
http://futureofchildren.princeton.edu/,2,2,2,2
http://gemmapeacocke.com/,2,2,2,2
http://gerrymander.princeton.edu,8,8,8,8
http://goprincetontigers.blogspot.com,12,12,12,12
http://goprincetontigers.com,41,41,41,41
http://graphicarts.princeton.edu/,6,6,6,6
http://gss.princeton.edu,58,58,58,58
http://guitarduo.com/,10,10,10,10
http://hackprinceton.com,2,2,2,2
http://hannapickard.com/,2,2,2,2
http://hellenic.princeton.edu,2,2,2,2
http://henrikkleven.com/,2,2,2,2
http://hindu.princeton.edu/,2,2,2,2
http://hydrometeorology.princeton.edu/,4,4,4,4
http://ianbphillips.com/,2,2,2,2
http://icahnthinkanddrink.princeton.edu/,4,4,4,4
http://imperialreverb.princeton.edu/,4,4,4,4
http://inch.princeton.edu/,2,2,2,2
http://informationsecurity.princeton.edu/,2,2,2,2
http://initiative.princeton.edu/,2,2,2,2
http://insight.princeton.edu,8,8,8,8
http://islamfyi.princeton.edu,6,6,6,6
http://itunconference.princeton.edu/,28,28,28,28
http://jacquelinehorner.com/,2,2,2,2
http://jefferson3volumes.princeton.edu,2,2,2,2
http://jeffersonpapers.princeton.edu/,1,1,1,1
http://jeffwhetstone.net/,2,2,2,2
http://jonathanmummolo.com/,20,20,20,20
http://juriseomusic.com/,4,4,4,4
http://keeangataylor.com/,2,2,2,2
http://keithwailoo.com/,14,14,14,14
http://khayutin.github.io/,2,2,2,2
http://kirstinvaldezquade.com/,14,14,14,14
http://kocherlab.com/,2,2,2,2
http://krisdavis.net/,2,2,2,2
http://lafleurstephensdougan.com/,2,2,2,2
http://lawrence.princeton.edu/,2,2,2,2
http://leadership.princeton.edu/,6,6,6,6
http://lectures.princeton.edu,6,6,6,6
http://levinelab.princeton.edu/,8,8,8,8
http://libertarians.princeton.edu/,10,10,10,10
http://ltlarchitects.com/,4,4,4,4
http://mae.princeton.edu,2,2,2,2
http://makeagift.princeton.edu/MainSite/MakeAGift,2,2,2,2
http://mallarinolab.org/,2,2,2,2
http://markaguiar.com/,20,20,20,20
http://marthafriedmanwork.com/,2,2,2,2
http://marycstoddard.com/,4,4,4,4
http://math.princeton.edu,2,2,2,2
http://mattsullivan.org/Page1.html,10,10,10,10
http://mavricproject.princeton.edu/,2,2,2,2
http://mcgraw.princeton.edu/,2,2,2,2
http://mcgrawect.princeton.edu,6,6,6,6
http://mep.princeton.edu,6,6,6,6
http://micaelasviatschi.com/,2,2,2,2
http://michaelgordin.com/,4,4,4,4
http://mos-office.net/,10,10,10,10
http://motendesigns.com/,4,4,4,4
http://motownsound.princeton.edu/,2,2,2,2
http://movementgroup.org/,159,159,159,159
http://movingforlife.org/,26,26,26,26
http://muse-eek.com/,10,10,10,10
http://muslimlife.princeton.edu/,10,10,10,10
http://nassoons.com,4,4,4,4
http://nathanalandavis.com/,2,2,2,2
http://nats.org/christopher_arneson.html,4,4,4,4
http://nbachas.weebly.com/,4,4,4,4
http://ncfs2015.princeton.edu,2,2,2,2
http://nehassaiu.com/,2,2,2,2
http://njsymphony.org/musicians-music/musicians/detail/45,8,8,8,8
http://nuclearfutures.princeton.edu,12,12,12,12
http://nycmodernism.princeton.edu/,4,4,4,4
http://oar.princeton.edu/jspui/,2,2,2,2
http://omarwasow.com/,36,36,36,36
http://online.princeton.edu/,2,2,2,2
http://onstott.princeton.edu,12,12,12,12
http://optimization.princeton.edu,2,2,2,2
http://orientation.princeton.edu,2,2,2,2
http://outdooraction.princeton.edu/,51,51,51,51
http://pac.princeton.edu/,2,2,2,2
http://pace.princeton.edu/,2,2,2,2
http://paw.princeton.edu,6,6,6,6
http://pcur.princeton.edu/,14,14,14,14
http://pedagogyofimages.princeton.edu/,2,2,2,2
http://peterkimpeterkim.com/,2,2,2,2
http://petersinger.info/,24,24,24,24
http://pexl.princeton.edu,6,6,6,6
http://pietroortoleva.com/,6,6,6,6
http://piirsglobalseminars.princeton.edu/,2,2,2,2
http://pila-princeton.org,2,2,2,2
http://pillowlab.wordpress.com,254,254,254,254
http://pla.princeton.edu/,2,2,2,2
http://plantbiology.princeton.edu/,12,12,12,12
http://pni.princeton.edu,4,4,4,4
http://pnkhr.princeton.edu/,14,14,14,14
http://poets.org/poet.php/prmPID/248,12,12,12,12
http://poloclub.princeton.edu/,18,18,18,18
http://popgoesthepage.princeton.edu/,10,10,10,10
http://pppl.princeton.edu/,12,12,12,12
http://pppltravel.princeton.edu/,12,12,12,12
http://pprize.princeton.edu/,4,4,4,4
http://press.princeton.edu,45,45,45,45
http://priestley.princeton.edu/,2,2,2,2
http://primesim.princeton.edu,2,2,2,2
http://princeton.academia.edu/AnnaShields,305,305,305,305
http://princeton.academia.edu/MarinaRustow,207,207,207,207
http://princeton.academia.edu/MattKarp,159,159,159,159
http://princeton.academia.edu/RobCWegman,143,143,143,143
http://princeton.academia.edu/VeraCandiani,159,159,159,159
http://princeton.edu/,4,4,4,4
http://princeton.edu/admissionfacebook/,14,14,14,14
http://princeton.edu/bcf/,2,2,2,2
http://princeton.edu/desc/,10,10,10,10
http://princeton.edu/eas/,2,2,2,2
http://princeton.edu/faccomp,10,10,10,10
http://princeton.edu/geosciences,6,6,6,6
http://princeton.edu/geosciences/tromp,2,2,2,2
http://princeton.edu/geosciences/tromp/,2,2,2,2
http://princeton.edu/hellenic/,2,2,2,2
http://princeton.edu/joha/,6,6,6,6
http://princeton.edu/leslie,13,13,13,13
http://princeton.edu/memory,8,8,8,8
http://princeton.edu/mlk,4,4,4,4
http://princeton.edu/oit,2,2,2,2
http://princeton.edu/politics,2,2,2,2
http://princeton.edu/soc,10,10,10,10
http://princeton.edu/technologyoperations,10,10,10,10
http://princeton.edu/tigertv,10,10,10,10
http://princeton.edu/yariv/,6,6,6,6
http://princeton.edu/~aavalenz/,2,2,2,2
http://princeton.edu/~amas/,2,2,2,2
http://princeton.edu/~cmngroup/,6,6,6,6
http://princeton.edu/~ekolemen/,12,12,12,12
http://princeton.edu/~fig/,72,72,72,72
http://princeton.edu/~gpop/,6,6,6,6
http://princeton.edu/~graphicarts/,12,12,12,12
http://princeton.edu/~graziano/,6,6,6,6
http://princeton.edu/~hcil/,16,16,16,16
http://princeton.edu/~hmilner/,6,6,6,6
http://princeton.edu/~hsr,22,22,22,22
http://princeton.edu/~jkastl/,6,6,6,6
http://princeton.edu/~jzelizer/,6,6,6,6
http://princeton.edu/~naomi/,12,12,12,12
http://princeton.edu/~tigerswc/,2,2,2,2
http://princeton.edu/~umueller/,6,6,6,6
http://princetonbuffer.princeton.edu/,16,16,16,16
http://princetonclub.com,4,4,4,4
http://princetongleeclub.com/,16,16,16,16
http://princetoniana.princeton.edu/,4,4,4,4
http://princetonirc.org,4,4,4,4
http://princetonkindredspirit.com,14,14,14,14
http://princetonlatinos.weebly.com,14,14,14,14
http://princetonmocktrial.org,4,4,4,4
http://princetonmodelcongress.com,4,4,4,4
http://princetonracing.com,4,4,4,4
http://princetonroaring20.com,14,14,14,14
http://princetonspear.com,4,4,4,4
http://princetonstudiesfood.princeton.edu/,6,6,6,6
http://princetonsummertheater.org,4,4,4,4
http://princetontigressions.com,14,14,14,14
http://princetonuniversityballet.com,2,2,2,2
http://princetonuniversityconcerts.princeton.edu,12,12,12,12
http://princetonvarsityclub.org,4,4,4,4
http://princetonwildcats.com,15,15,15,15
http://pringle.princeton.edu/,16,16,16,16
http://profvreeland.com/,24,24,24,24
http://prolife.princeton.edu/,2,2,2,2
http://provost.princeton.edu/,2,2,2,2
http://psci.princeton.edu/,6,6,6,6
http://psnlab.princeton.edu/,6,6,6,6
http://psychology.princeton.edu,2,2,2,2
http://psyneulink.princeton.edu,2,2,2,2
http://puamsab.princeton.edu/,2,2,2,2
http://publicsafety.princeton.edu,2,2,2,2
http://pubss.princeton.edu/,2,2,2,2
http://puccc.princeton.edu/,2,2,2,2
http://pugs.princeton.edu/,2,2,2,2
http://pustore.com,10,10,10,10
http://q-aps.princeton.edu,51,51,51,51
http://ralphbowen.com/index.html,12,12,12,12
http://rebeccalazier.com/,4,4,4,4
http://rebeccastenncompany.com/,2,2,2,2
http://religion.princeton.edu,4,4,4,4
http://religiouslife.princeton.edu/,12,12,12,12
http://ren.princeton.edu/,2,2,2,2
http://researchday.princeton.edu/,6,6,6,6
http://risk.princeton.edu,6,6,6,6
http://rlc.princeton.edu/,2,2,2,2
http://rorytruex.com/,14,14,14,14
http://rudreshm.com/,4,4,4,4
http://ruhabenjamin.com/,4,4,4,4
http://saritafellows.com/,10,10,10,10
http://sasa.princeton.edu/,2,2,2,2
http://scattershot.org/,2,2,2,2
http://scholar.princeton.edu/berrylab,4,4,4,4
http://scholar.princeton.edu/brandon/,6,6,6,6
http://scholar.princeton.edu/dconley,50,50,50,50
http://scholar.princeton.edu/gwise,37,37,37,37
http://scholar.princeton.edu/hvmilner/,6,6,6,6
http://scholar.princeton.edu/markus/,12,12,12,12
http://secretsocietymusic.org/intro/#&panel1-1,2,2,2,2
http://seniors.princeton.edu,12,12,12,12
http://shab.princeton.edu/,2,2,2,2
http://share.princeton.edu/,12,12,12,12
http://shariffa.com/,8,8,8,8
http://simonamorrison.com/,10,10,10,10
http://simpson.princeton.edu/,2,2,2,2
http://sites.google.com/site/christopherneilson/,8,8,8,8
http://sites.google.com/site/gregorjarosch/,2,2,2,2
http://sites.google.com/site/motohiroyogo/,2,2,2,2
http://skprinceton.com,14,14,14,14
http://sociology.princeton.edu,2,2,2,2
http://soniccinema.princeton.edu/,12,12,12,12
http://sopercussion.com/people/eric-cha-beach/,2,2,2,2
http://sopercussion.com/people/jason-treuting/,2,2,2,2
http://sopercussion.com/people/josh-2/,2,2,2,2
http://sos2016.princeton.edu/,4,4,4,4
http://sotsromantizm.princeton.edu/,2,2,2,2
http://spider.princeton.edu/,14,14,14,14
http://sportsanalytics.princeton.edu/,4,4,4,4
http://stanleybahorek.com/,8,8,8,8
http://steingart.princeton.edu/,6,6,6,6
http://stevenmackey.com/,4,4,4,4
http://subsurface.princeton.edu/,4,4,4,4
http://sumac.org/,8,8,8,8
http://susanbrison.com/,12,12,12,12
http://sustain.princeton.edu/,6,6,6,6
http://suzanneagins.com/,2,2,2,2
http://tagd.princeton.edu/,16,16,16,16
http://tapcats.princeton.edu/,2,2,2,2
http://teneighty.princeton.edu,6,6,6,6
http://tglab.princeton.edu/,4,4,4,4
http://thealternative.princeton.edu/,14,14,14,14
http://thefeministspectator.com/,4,4,4,4
http://theprincetontigerlilies.org,2,2,2,2
http://thestripes.princeton.edu/,4,4,4,4
http://tigertones.com,8,8,8,8
http://timeline-info.princeton.edu/,2,2,2,2
http://transportation.princeton.edu,2,2,2,2
http://trendingtigers.princeton.edu/,10,10,10,10
http://triangleshow.com,16,16,16,16
http://twod.princeton.edu/,12,12,12,12
http://twodollarsaday.com/,8,8,8,8
http://umatter.princeton.edu/,4,4,4,4
http://unastojnic.com/,2,2,2,2
http://uncertainsuffering.com/,32,32,32,32
http://undergraduateresearch.princeton.edu/,3,3,3,3
http://universitypressclub.com,2,2,2,2
http://verticalfarming.princeton.edu/,2,2,2,2
http://vincentector.com/,2,2,2,2
http://wardellfranklin.tumblr.com/,6,6,6,6
http://warfrenzy.princeton.edu/,2,2,2,2
http://web.math.princeton.edu/~mchudnov/,6,6,6,6
http://web.math.princeton.edu/~rvan/,6,6,6,6
http://webtap.princeton.edu,2,2,2,2
http://wendy-heller.com/,6,6,6,6
http://whigclioblog.princeton.edu/,4,4,4,4
http://whitmancollege.princeton.edu/,4,4,4,4
http://wittenlab.org/,4,4,4,4
http://wws.princeton.edu,37,37,37,37
